provider_id,provider_name,provider_type,facility_id,specialty,years_experience,license_number
PR0001,Sam Wilson,Nurse Practitioner,FAC006,General Practice,20,LIC000001
PR0002,Quinn Anderson,Nurse Practitioner,FAC001,Neurology,17,LIC000002
PR0003,Taylor Anderson,Physician Assistant,FAC010,Pediatrics,7,LIC000003
PR0004,Jamie Brown,Physician,FAC006,Endocrinology,4,LIC000004
PR0005,Cameron Williams,Physician,FAC001,Dermatology,29,LIC000005
PR0006,Riley Williams,Physician Assistant,FAC006,Endocrinology,14,LIC000006
PR0007,Jamie Jones,Physician,FAC010,Emergency Medicine,3,LIC000007
PR0008,Cameron Davis,Physician Assistant,FAC008,Pediatrics,24,LIC000008
PR0009,Jordan Brown,Physician,FAC002,Radiology,37,LIC000009
PR0010,Cameron Anderson,Nurse Practitioner,FAC002,Orthopedics,16,LIC000010
PR0011,Jordan Wilson,Physician Assistant,FAC004,Cardiology,4,LIC000011
PR0012,Cameron Wilson,Physician,FAC003,Pediatrics,24,LIC000012
PR0013,Riley Johnson,Nurse Practitioner,FAC004,Neurology,34,LIC000013
PR0014,Casey Anderson,Physician,FAC007,Psychiatry,30,LIC000014
PR0015,Quinn Davis,Physician,FAC001,Radiology,18,LIC000015
PR0016,Quinn Garcia,Therapist,FAC006,Cardiology,19,LIC000016
PR0017,Taylor Smith,Nurse Practitioner,FAC003,Primary Care,31,LIC000017
PR0018,Casey Johnson,Nurse,FAC010,Dermatology,19,LIC000018
PR0019,Avery Brown,Physician,FAC007,Psychiatry,19,LIC000019
PR0020,Jordan Miller,Nurse,FAC010,Emergency Medicine,22,LIC000020
PR0021,Morgan Wilson,Nurse,FAC002,Pediatrics,24,LIC000021
PR0022,Casey Miller,Physician Assistant,FAC002,Cardiology,12,LIC000022
PR0023,Jordan Wilson,Nurse Practitioner,FAC004,General Practice,30,LIC000023
PR0024,Quinn Johnson,Nurse Practitioner,FAC001,Oncology,38,LIC000024
PR0025,Drew Brown,Nurse Practitioner,FAC003,General Practice,31,LIC000025
PR0026,Avery Davis,Therapist,FAC009,Orthopedics,36,LIC000026
PR0027,Quinn Rodriguez,Nurse,FAC007,General Practice,19,LIC000027
PR0028,Avery Jones,Therapist,FAC007,Primary Care,36,LIC000028
PR0029,Jordan Jones,Physician,FAC004,Orthopedics,30,LIC000029
PR0030,Avery Wilson,Nurse,FAC002,Radiology,33,LIC000030
PR0031,Cameron Anderson,Therapist,FAC004,Dermatology,18,LIC000031
PR0032,Quinn Anderson,Physician,FAC006,Radiology,28,LIC000032
PR0033,Cameron Smith,Physician,FAC003,Oncology,11,LIC000033
PR0034,Cameron Davis,Nurse,FAC001,Neurology,33,LIC000034
PR0035,Cameron Garcia,Physician Assistant,FAC008,Dermatology,17,LIC000035
PR0036,Alex Anderson,Nurse,FAC005,General Practice,6,LIC000036
PR0037,Avery Garcia,Physician,FAC005,Endocrinology,4,LIC000037
PR0038,Sam Williams,Nurse,FAC004,Neurology,20,LIC000038
PR0039,Alex Garcia,Physician,FAC006,Dermatology,27,LIC000039
PR0040,Taylor Williams,Physician,FAC003,Dermatology,15,LIC000040
PR0041,Alex Martinez,Physician,FAC009,Oncology,6,LIC000041
PR0042,Riley Wilson,Nurse,FAC005,Emergency Medicine,14,LIC000042
PR0043,Jamie Wilson,Nurse,FAC003,General Practice,11,LIC000043
PR0044,Cameron Anderson,Physician Assistant,FAC001,Oncology,39,LIC000044
PR0045,Jamie Rodriguez,Nurse Practitioner,FAC010,Dermatology,9,LIC000045
PR0046,Avery Anderson,Nurse,FAC006,Cardiology,26,LIC000046
PR0047,Jordan Smith,Nurse Practitioner,FAC002,Neurology,16,LIC000047
PR0048,Jamie Davis,Nurse,FAC003,Oncology,5,LIC000048
PR0049,Avery Jones,Nurse Practitioner,FAC001,Emergency Medicine,10,LIC000049
PR0050,Taylor Anderson,Nurse Practitioner,FAC009,Pediatrics,3,LIC000050
PR0051,Avery Miller,Nurse Practitioner,FAC008,Radiology,13,LIC000051
PR0052,Sam Williams,Nurse Practitioner,FAC002,Dermatology,30,LIC000052
PR0053,Alex Williams,Nurse,FAC008,General Practice,6,LIC000053
PR0054,Riley Williams,Physician Assistant,FAC009,Endocrinology,17,LIC000054
PR0055,Alex Jones,Physician,FAC001,Pediatrics,19,LIC000055
PR0056,Drew Davis,Nurse,FAC005,Orthopedics,35,LIC000056
PR0057,Jamie Martinez,Nurse Practitioner,FAC008,Psychiatry,26,LIC000057
PR0058,Cameron Wilson,Physician Assistant,FAC002,Emergency Medicine,5,LIC000058
PR0059,Drew Anderson,Therapist,FAC004,Endocrinology,29,LIC000059
PR0060,Taylor Davis,Physician Assistant,FAC007,Psychiatry,37,LIC000060
PR0061,Alex Brown,Physician,FAC003,Emergency Medicine,20,LIC000061
PR0062,Casey Jones,Therapist,FAC005,General Practice,21,LIC000062
PR0063,Jamie Davis,Physician Assistant,FAC008,Cardiology,10,LIC000063
PR0064,Sam Brown,Nurse Practitioner,FAC010,General Practice,5,LIC000064
PR0065,Jamie Martinez,Physician,FAC003,Radiology,36,LIC000065
PR0066,Taylor Miller,Nurse,FAC004,Pediatrics,6,LIC000066
PR0067,Quinn Johnson,Physician Assistant,FAC009,Neurology,26,LIC000067
PR0068,Drew Rodriguez,Physician Assistant,FAC007,Emergency Medicine,4,LIC000068
PR0069,Riley Miller,Nurse,FAC001,General Practice,39,LIC000069
PR0070,Quinn Anderson,Nurse,FAC004,Neurology,39,LIC000070
PR0071,Quinn Anderson,Physician,FAC004,Radiology,35,LIC000071
PR0072,Casey Martinez,Nurse Practitioner,FAC009,Dermatology,1,LIC000072
PR0073,Drew Davis,Physician,FAC006,Orthopedics,24,LIC000073
PR0074,Quinn Rodriguez,Nurse,FAC009,Pediatrics,36,LIC000074
PR0075,Jamie Smith,Physician,FAC006,Radiology,6,LIC000075
PR0076,Alex Rodriguez,Physician Assistant,FAC006,Radiology,31,LIC000076
PR0077,Sam Rodriguez,Nurse,FAC005,General Practice,20,LIC000077
PR0078,Casey Rodriguez,Nurse,FAC005,Cardiology,24,LIC000078
PR0079,Taylor Davis,Nurse Practitioner,FAC002,Psychiatry,25,LIC000079
PR0080,Morgan Garcia,Nurse,FAC008,Orthopedics,36,LIC000080
PR0081,Sam Rodriguez,Physician,FAC008,Pediatrics,21,LIC000081
PR0082,Riley Smith,Nurse,FAC001,Dermatology,30,LIC000082
PR0083,Taylor Wilson,Physician,FAC008,Dermatology,24,LIC000083
PR0084,Quinn Garcia,Nurse Practitioner,FAC005,Oncology,30,LIC000084
PR0085,Sam Miller,Nurse,FAC002,Radiology,22,LIC000085
PR0086,Avery Rodriguez,Physician,FAC002,Emergency Medicine,28,LIC000086
PR0087,Casey Smith,Physician,FAC006,Cardiology,7,LIC000087
PR0088,Alex Wilson,Nurse,FAC009,Orthopedics,35,LIC000088
PR0089,Casey Anderson,Nurse,FAC001,General Practice,28,LIC000089
PR0090,Jamie Johnson,Physician Assistant,FAC006,Dermatology,14,LIC000090
PR0091,Taylor Smith,Nurse,FAC009,Pediatrics,10,LIC000091
PR0092,Riley Smith,Physician Assistant,FAC008,Oncology,16,LIC000092
PR0093,Avery Smith,Physician,FAC006,Pediatrics,16,LIC000093
PR0094,Sam Smith,Nurse Practitioner,FAC003,Cardiology,31,LIC000094
PR0095,Jordan Johnson,Physician,FAC008,Emergency Medicine,25,LIC000095
PR0096,Quinn Miller,Therapist,FAC009,Oncology,13,LIC000096
PR0097,Jamie Jones,Physician Assistant,FAC001,Oncology,6,LIC000097
PR0098,Alex Smith,Nurse Practitioner,FAC009,Psychiatry,9,LIC000098
PR0099,Taylor Johnson,Nurse Practitioner,FAC006,Orthopedics,36,LIC000099
PR0100,Riley Anderson,Therapist,FAC006,Oncology,20,LIC000100
PR0101,Drew Miller,Physician,FAC004,Primary Care,18,LIC000101
PR0102,Jamie Brown,Physician Assistant,FAC001,Psychiatry,21,LIC000102
PR0103,Jamie Martinez,Physician Assistant,FAC010,Psychiatry,4,LIC000103
PR0104,Avery Martinez,Physician Assistant,FAC008,Cardiology,33,LIC000104
PR0105,Alex Miller,Physician,FAC002,Primary Care,27,LIC000105
PR0106,Avery Jones,Nurse,FAC001,Neurology,7,LIC000106
PR0107,Casey Johnson,Therapist,FAC002,Pediatrics,6,LIC000107
PR0108,Morgan Miller,Physician Assistant,FAC001,Emergency Medicine,15,LIC000108
PR0109,Sam Smith,Nurse,FAC001,Endocrinology,18,LIC000109
PR0110,Cameron Anderson,Therapist,FAC009,Pediatrics,32,LIC000110
PR0111,Sam Miller,Nurse,FAC001,Oncology,11,LIC000111
PR0112,Taylor Brown,Physician,FAC004,Emergency Medicine,20,LIC000112
PR0113,Quinn Martinez,Physician Assistant,FAC010,Dermatology,24,LIC000113
PR0114,Casey Williams,Physician Assistant,FAC006,Neurology,15,LIC000114
PR0115,Drew Williams,Nurse Practitioner,FAC007,Dermatology,7,LIC000115
PR0116,Taylor Brown,Nurse,FAC002,Primary Care,21,LIC000116
PR0117,Jamie Brown,Therapist,FAC006,Dermatology,26,LIC000117
PR0118,Cameron Smith,Therapist,FAC007,General Practice,14,LIC000118
PR0119,Avery Davis,Nurse Practitioner,FAC010,Orthopedics,37,LIC000119
PR0120,Jordan Garcia,Physician,FAC010,Pediatrics,21,LIC000120
PR0121,Alex Martinez,Therapist,FAC002,Endocrinology,18,LIC000121
PR0122,Quinn Rodriguez,Nurse,FAC002,General Practice,5,LIC000122
PR0123,Cameron Johnson,Physician,FAC010,Cardiology,3,LIC000123
PR0124,Jamie Wilson,Therapist,FAC007,Endocrinology,23,LIC000124
PR0125,Taylor Davis,Nurse,FAC001,Dermatology,26,LIC000125
PR0126,Quinn Wilson,Physician Assistant,FAC008,Oncology,37,LIC000126
PR0127,Cameron Brown,Physician Assistant,FAC003,Neurology,24,LIC000127
PR0128,Quinn Smith,Nurse Practitioner,FAC006,Radiology,19,LIC000128
PR0129,Jordan Smith,Physician,FAC009,Endocrinology,25,LIC000129
PR0130,Quinn Jones,Nurse Practitioner,FAC006,Dermatology,21,LIC000130
PR0131,Riley Martinez,Nurse,FAC009,Neurology,12,LIC000131
PR0132,Jamie Rodriguez,Physician,FAC007,Emergency Medicine,33,LIC000132
PR0133,Cameron Williams,Nurse Practitioner,FAC009,Pediatrics,4,LIC000133
PR0134,Taylor Williams,Nurse Practitioner,FAC002,Psychiatry,7,LIC000134
PR0135,Casey Garcia,Physician Assistant,FAC008,Orthopedics,22,LIC000135
PR0136,Morgan Garcia,Therapist,FAC008,Neurology,33,LIC000136
PR0137,Alex Garcia,Nurse Practitioner,FAC002,Oncology,17,LIC000137
PR0138,Casey Martinez,Nurse Practitioner,FAC004,Primary Care,24,LIC000138
PR0139,Alex Garcia,Nurse,FAC007,Oncology,34,LIC000139
PR0140,Casey Miller,Nurse Practitioner,FAC004,Neurology,28,LIC000140
PR0141,Avery Brown,Physician,FAC004,Oncology,39,LIC000141
PR0142,Taylor Rodriguez,Nurse Practitioner,FAC006,Pediatrics,22,LIC000142
PR0143,Taylor Rodriguez,Physician,FAC010,Oncology,17,LIC000143
PR0144,Jordan Johnson,Physician,FAC006,Endocrinology,34,LIC000144
PR0145,Jordan Miller,Nurse Practitioner,FAC010,Psychiatry,6,LIC000145
PR0146,Taylor Rodriguez,Nurse Practitioner,FAC003,Oncology,6,LIC000146
PR0147,Casey Smith,Therapist,FAC009,Psychiatry,34,LIC000147
PR0148,Casey Smith,Nurse Practitioner,FAC010,Dermatology,1,LIC000148
PR0149,Riley Brown,Physician Assistant,FAC002,Cardiology,10,LIC000149
PR0150,Avery Garcia,Physician Assistant,FAC006,Pediatrics,21,LIC000150
PR0151,Jamie Williams,Physician,FAC007,Cardiology,5,LIC000151
PR0152,Alex Smith,Nurse,FAC009,Dermatology,2,LIC000152
PR0153,Quinn Martinez,Physician,FAC003,Pediatrics,22,LIC000153
PR0154,Taylor Miller,Therapist,FAC010,Neurology,2,LIC000154
PR0155,Jamie Miller,Physician,FAC003,Neurology,10,LIC000155
PR0156,Morgan Miller,Nurse Practitioner,FAC007,Psychiatry,34,LIC000156
PR0157,Taylor Miller,Physician,FAC004,Dermatology,16,LIC000157
PR0158,Avery Martinez,Therapist,FAC008,Psychiatry,39,LIC000158
PR0159,Sam Johnson,Physician Assistant,FAC007,Orthopedics,22,LIC000159
PR0160,Riley Smith,Physician Assistant,FAC005,Oncology,12,LIC000160
PR0161,Quinn Smith,Physician,FAC007,Radiology,24,LIC000161
PR0162,Riley Anderson,Nurse,FAC003,Orthopedics,38,LIC000162
PR0163,Taylor Brown,Physician,FAC002,Oncology,10,LIC000163
PR0164,Taylor Smith,Nurse,FAC006,Pediatrics,35,LIC000164
PR0165,Alex Anderson,Physician,FAC002,Psychiatry,32,LIC000165
PR0166,Quinn Jones,Physician,FAC003,Pediatrics,7,LIC000166
PR0167,Morgan Williams,Physician,FAC006,General Practice,21,LIC000167
PR0168,Quinn Rodriguez,Nurse Practitioner,FAC005,General Practice,20,LIC000168
PR0169,Riley Garcia,Physician Assistant,FAC008,General Practice,26,LIC000169
PR0170,Alex Jones,Physician,FAC009,Pediatrics,4,LIC000170
PR0171,Taylor Anderson,Nurse,FAC003,Oncology,22,LIC000171
PR0172,Alex Brown,Nurse Practitioner,FAC010,General Practice,15,LIC000172
PR0173,Riley Davis,Physician Assistant,FAC003,Dermatology,21,LIC000173
PR0174,Alex Williams,Nurse Practitioner,FAC003,Primary Care,15,LIC000174
PR0175,Jordan Rodriguez,Nurse Practitioner,FAC006,Oncology,22,LIC000175
PR0176,Drew Miller,Physician Assistant,FAC001,General Practice,28,LIC000176
PR0177,Drew Williams,Physician,FAC007,Emergency Medicine,14,LIC000177
PR0178,Avery Garcia,Physician,FAC001,Neurology,27,LIC000178
PR0179,Jordan Miller,Nurse,FAC005,Neurology,28,LIC000179
PR0180,Jamie Johnson,Therapist,FAC010,Orthopedics,26,LIC000180
PR0181,Sam Wilson,Nurse Practitioner,FAC008,Neurology,2,LIC000181
PR0182,Jordan Wilson,Physician,FAC004,Oncology,25,LIC000182
PR0183,Alex Garcia,Physician Assistant,FAC005,Endocrinology,3,LIC000183
PR0184,Alex Rodriguez,Nurse Practitioner,FAC004,Psychiatry,8,LIC000184
PR0185,Sam Miller,Physician,FAC004,Oncology,33,LIC000185
PR0186,Jamie Wilson,Physician,FAC008,Primary Care,35,LIC000186
PR0187,Jamie Wilson,Nurse,FAC002,Oncology,6,LIC000187
PR0188,Taylor Johnson,Nurse,FAC001,Radiology,39,LIC000188
PR0189,Cameron Garcia,Physician,FAC003,Psychiatry,23,LIC000189
PR0190,Quinn Wilson,Physician,FAC009,Emergency Medicine,25,LIC000190
PR0191,Jamie Rodriguez,Physician,FAC004,Neurology,19,LIC000191
PR0192,Casey Brown,Nurse,FAC010,Psychiatry,5,LIC000192
PR0193,Alex Garcia,Physician,FAC005,Neurology,11,LIC000193
PR0194,Quinn Williams,Physician,FAC002,Orthopedics,12,LIC000194
PR0195,Jamie Anderson,Nurse,FAC004,Psychiatry,10,LIC000195
PR0196,Jordan Johnson,Physician,FAC002,General Practice,8,LIC000196
PR0197,Jamie Miller,Nurse,FAC002,Neurology,24,LIC000197
PR0198,Taylor Rodriguez,Physician,FAC004,Emergency Medicine,28,LIC000198
PR0199,Drew Miller,Physician,FAC006,General Practice,36,LIC000199
PR0200,Drew Wilson,Physician,FAC007,Cardiology,37,LIC000200
PR0201,Morgan Smith,Nurse,FAC010,Pediatrics,21,LIC000201
PR0202,Casey Wilson,Nurse,FAC003,Pediatrics,8,LIC000202
PR0203,Morgan Miller,Nurse,FAC003,Emergency Medicine,9,LIC000203
PR0204,Sam Anderson,Nurse Practitioner,FAC010,Radiology,15,LIC000204
PR0205,Riley Smith,Nurse,FAC006,Cardiology,18,LIC000205
PR0206,Avery Jones,Physician,FAC003,Orthopedics,20,LIC000206
PR0207,Quinn Anderson,Physician,FAC002,Emergency Medicine,6,LIC000207
PR0208,Quinn Jones,Nurse,FAC008,General Practice,12,LIC000208
PR0209,Jamie Brown,Physician,FAC005,Pediatrics,2,LIC000209
PR0210,Morgan Brown,Physician,FAC001,Pediatrics,7,LIC000210
PR0211,Taylor Davis,Physician,FAC003,Pediatrics,16,LIC000211
PR0212,Avery Brown,Physician,FAC010,General Practice,3,LIC000212
PR0213,Jordan Anderson,Physician,FAC008,Dermatology,3,LIC000213
PR0214,Drew Williams,Physician Assistant,FAC004,Emergency Medicine,27,LIC000214
PR0215,Alex Garcia,Nurse Practitioner,FAC007,Oncology,38,LIC000215
PR0216,Taylor Anderson,Nurse,FAC010,Orthopedics,33,LIC000216
PR0217,Drew Davis,Nurse,FAC002,Pediatrics,28,LIC000217
PR0218,Drew Jones,Nurse Practitioner,FAC007,Neurology,1,LIC000218
PR0219,Drew Jones,Physician,FAC005,Emergency Medicine,8,LIC000219
PR0220,Jamie Rodriguez,Nurse Practitioner,FAC005,Primary Care,37,LIC000220
PR0221,Quinn Jones,Physician Assistant,FAC006,General Practice,32,LIC000221
PR0222,Alex Wilson,Physician,FAC009,Dermatology,37,LIC000222
PR0223,Drew Smith,Physician Assistant,FAC006,Emergency Medicine,4,LIC000223
PR0224,Jordan Miller,Nurse Practitioner,FAC008,Orthopedics,30,LIC000224
PR0225,Cameron Garcia,Physician Assistant,FAC007,Dermatology,6,LIC000225
PR0226,Riley Smith,Nurse Practitioner,FAC009,Orthopedics,19,LIC000226
PR0227,Jamie Jones,Physician,FAC004,Emergency Medicine,32,LIC000227
PR0228,Morgan Davis,Therapist,FAC002,Oncology,9,LIC000228
PR0229,Taylor Anderson,Nurse,FAC007,Primary Care,12,LIC000229
PR0230,Drew Williams,Physician,FAC006,Orthopedics,11,LIC000230
PR0231,Riley Miller,Nurse,FAC001,Dermatology,16,LIC000231
PR0232,Cameron Anderson,Nurse Practitioner,FAC009,Dermatology,1,LIC000232
PR0233,Riley Smith,Nurse,FAC009,Orthopedics,21,LIC000233
PR0234,Casey Jones,Nurse,FAC002,Endocrinology,30,LIC000234
PR0235,Quinn Wilson,Nurse Practitioner,FAC003,Emergency Medicine,13,LIC000235
PR0236,Drew Jones,Physician,FAC005,Endocrinology,34,LIC000236
PR0237,Jamie Brown,Physician,FAC005,Radiology,4,LIC000237
PR0238,Alex Jones,Physician Assistant,FAC001,Emergency Medicine,28,LIC000238
PR0239,Jamie Wilson,Physician Assistant,FAC008,Orthopedics,38,LIC000239
PR0240,Drew Miller,Physician,FAC008,Cardiology,31,LIC000240
PR0241,Riley Brown,Physician,FAC004,Orthopedics,27,LIC000241
PR0242,Jordan Brown,Nurse,FAC007,Endocrinology,5,LIC000242
PR0243,Drew Wilson,Therapist,FAC010,Oncology,25,LIC000243
PR0244,Taylor Wilson,Physician Assistant,FAC003,Orthopedics,3,LIC000244
PR0245,Alex Garcia,Physician,FAC006,Orthopedics,33,LIC000245
PR0246,Riley Brown,Physician,FAC010,Oncology,4,LIC000246
PR0247,Avery Davis,Physician,FAC010,Orthopedics,25,LIC000247
PR0248,Jordan Smith,Therapist,FAC009,Pediatrics,20,LIC000248
PR0249,Quinn Martinez,Physician,FAC001,Cardiology,34,LIC000249
PR0250,Casey Garcia,Physician Assistant,FAC005,Neurology,26,LIC000250
PR0251,Quinn Johnson,Physician,FAC004,Cardiology,5,LIC000251
PR0252,Taylor Anderson,Physician Assistant,FAC008,General Practice,35,LIC000252
PR0253,Alex Smith,Nurse,FAC001,Primary Care,28,LIC000253
PR0254,Taylor Martinez,Nurse,FAC009,Orthopedics,29,LIC000254
PR0255,Riley Anderson,Physician,FAC006,Pediatrics,9,LIC000255
PR0256,Taylor Smith,Physician,FAC004,Emergency Medicine,38,LIC000256
PR0257,Alex Garcia,Physician,FAC009,Orthopedics,6,LIC000257
PR0258,Drew Martinez,Therapist,FAC005,Endocrinology,19,LIC000258
PR0259,Quinn Anderson,Nurse,FAC005,Pediatrics,11,LIC000259
PR0260,Jordan Williams,Physician Assistant,FAC005,Oncology,2,LIC000260
PR0261,Jordan Williams,Physician Assistant,FAC001,Pediatrics,9,LIC000261
PR0262,Jamie Smith,Nurse,FAC001,General Practice,21,LIC000262
PR0263,Drew Garcia,Physician,FAC008,Oncology,24,LIC000263
PR0264,Drew Wilson,Therapist,FAC008,Radiology,34,LIC000264
PR0265,Drew Johnson,Nurse Practitioner,FAC006,Neurology,22,LIC000265
PR0266,Taylor Rodriguez,Nurse Practitioner,FAC004,Psychiatry,3,LIC000266
PR0267,Jamie Brown,Physician Assistant,FAC002,Pediatrics,12,LIC000267
PR0268,Drew Jones,Physician,FAC002,Dermatology,28,LIC000268
PR0269,Jordan Martinez,Physician,FAC009,Endocrinology,30,LIC000269
PR0270,Avery Brown,Nurse,FAC005,Orthopedics,26,LIC000270
PR0271,Cameron Jones,Physician,FAC004,Endocrinology,21,LIC000271
PR0272,Cameron Brown,Physician Assistant,FAC010,Cardiology,28,LIC000272
PR0273,Drew Jones,Physician,FAC001,Psychiatry,26,LIC000273
PR0274,Cameron Garcia,Nurse Practitioner,FAC007,Cardiology,33,LIC000274
PR0275,Taylor Smith,Physician,FAC003,Radiology,21,LIC000275
PR0276,Taylor Brown,Nurse Practitioner,FAC006,Psychiatry,35,LIC000276
PR0277,Jordan Smith,Nurse,FAC005,Psychiatry,34,LIC000277
PR0278,Jamie Garcia,Physician,FAC005,Cardiology,18,LIC000278
PR0279,Jamie Jones,Physician Assistant,FAC005,Oncology,11,LIC000279
PR0280,Quinn Smith,Nurse Practitioner,FAC001,General Practice,23,LIC000280
PR0281,Jamie Davis,Nurse,FAC001,Cardiology,22,LIC000281
PR0282,Cameron Williams,Therapist,FAC003,Endocrinology,17,LIC000282
PR0283,Cameron Smith,Nurse,FAC010,Oncology,5,LIC000283
PR0284,Alex Brown,Physician,FAC004,Endocrinology,11,LIC000284
PR0285,Cameron Miller,Physician,FAC005,General Practice,30,LIC000285
PR0286,Sam Williams,Physician,FAC002,Radiology,15,LIC000286
PR0287,Alex Brown,Physician Assistant,FAC008,Orthopedics,27,LIC000287
PR0288,Quinn Rodriguez,Physician,FAC002,General Practice,35,LIC000288
PR0289,Taylor Anderson,Nurse Practitioner,FAC009,Primary Care,33,LIC000289
PR0290,Cameron Davis,Physician Assistant,FAC002,Emergency Medicine,20,LIC000290
PR0291,Quinn Brown,Nurse Practitioner,FAC009,Oncology,16,LIC000291
PR0292,Taylor Wilson,Nurse,FAC007,Radiology,34,LIC000292
PR0293,Riley Jones,Physician,FAC008,Primary Care,2,LIC000293
PR0294,Taylor Anderson,Physician,FAC002,Dermatology,35,LIC000294
PR0295,Cameron Brown,Nurse,FAC007,Radiology,28,LIC000295
PR0296,Sam Jones,Nurse Practitioner,FAC006,Cardiology,39,LIC000296
PR0297,Casey Jones,Nurse,FAC004,Cardiology,6,LIC000297
PR0298,Jamie Rodriguez,Nurse Practitioner,FAC007,General Practice,9,LIC000298
PR0299,Jamie Jones,Physician,FAC004,Emergency Medicine,20,LIC000299
PR0300,Drew Wilson,Nurse,FAC002,Radiology,1,LIC000300
PR0301,Jamie Wilson,Nurse,FAC010,Neurology,8,LIC000301
PR0302,Riley Williams,Nurse,FAC007,Orthopedics,23,LIC000302
PR0303,Jamie Martinez,Physician,FAC008,General Practice,3,LIC000303
PR0304,Sam Johnson,Physician Assistant,FAC002,Cardiology,4,LIC000304
PR0305,Quinn Rodriguez,Nurse Practitioner,FAC005,Emergency Medicine,25,LIC000305
PR0306,Drew Wilson,Physician,FAC001,Orthopedics,38,LIC000306
PR0307,Quinn Smith,Therapist,FAC007,Radiology,15,LIC000307
PR0308,Morgan Davis,Physician,FAC008,Radiology,21,LIC000308
PR0309,Avery Wilson,Therapist,FAC006,Psychiatry,35,LIC000309
PR0310,Cameron Johnson,Nurse Practitioner,FAC005,Emergency Medicine,14,LIC000310
PR0311,Sam Wilson,Physician,FAC006,Primary Care,36,LIC000311
PR0312,Jordan Jones,Physician Assistant,FAC002,Cardiology,12,LIC000312
PR0313,Riley Miller,Nurse,FAC001,Neurology,17,LIC000313
PR0314,Taylor Garcia,Nurse,FAC007,Radiology,39,LIC000314
PR0315,Alex Miller,Nurse,FAC007,Neurology,9,LIC000315
PR0316,Casey Smith,Nurse,FAC010,Radiology,35,LIC000316
PR0317,Jamie Rodriguez,Nurse,FAC010,Cardiology,13,LIC000317
PR0318,Casey Brown,Nurse,FAC002,Orthopedics,15,LIC000318
PR0319,Morgan Anderson,Physician,FAC002,Pediatrics,18,LIC000319
PR0320,Taylor Anderson,Nurse Practitioner,FAC001,Orthopedics,33,LIC000320
PR0321,Morgan Davis,Physician,FAC010,Radiology,6,LIC000321
PR0322,Sam Wilson,Therapist,FAC008,Endocrinology,27,LIC000322
PR0323,Drew Williams,Therapist,FAC008,Pediatrics,23,LIC000323
PR0324,Jamie Williams,Physician,FAC001,Primary Care,27,LIC000324
PR0325,Jordan Anderson,Nurse,FAC008,Pediatrics,34,LIC000325
PR0326,Drew Brown,Therapist,FAC009,Neurology,38,LIC000326
PR0327,Quinn Garcia,Physician,FAC004,Emergency Medicine,14,LIC000327
PR0328,Cameron Davis,Physician Assistant,FAC001,Neurology,36,LIC000328
PR0329,Alex Williams,Therapist,FAC001,General Practice,8,LIC000329
PR0330,Quinn Rodriguez,Physician,FAC003,Neurology,35,LIC000330
PR0331,Quinn Smith,Nurse,FAC005,Primary Care,19,LIC000331
PR0332,Cameron Garcia,Physician,FAC005,Endocrinology,30,LIC000332
PR0333,Alex Miller,Therapist,FAC009,Orthopedics,14,LIC000333
PR0334,Riley Miller,Therapist,FAC010,Orthopedics,20,LIC000334
PR0335,Drew Anderson,Therapist,FAC002,Dermatology,25,LIC000335
PR0336,Riley Miller,Nurse Practitioner,FAC002,Radiology,24,LIC000336
PR0337,Riley Martinez,Nurse,FAC006,Endocrinology,14,LIC000337
PR0338,Quinn Jones,Nurse,FAC009,Dermatology,26,LIC000338
PR0339,Casey Williams,Nurse Practitioner,FAC001,General Practice,38,LIC000339
PR0340,Taylor Brown,Nurse,FAC009,Cardiology,23,LIC000340
PR0341,Cameron Johnson,Physician,FAC009,Radiology,22,LIC000341
PR0342,Cameron Smith,Physician Assistant,FAC009,Radiology,19,LIC000342
PR0343,Alex Jones,Physician,FAC005,Psychiatry,3,LIC000343
PR0344,Morgan Miller,Physician,FAC009,Psychiatry,19,LIC000344
PR0345,Taylor Davis,Physician,FAC004,Oncology,9,LIC000345
PR0346,Cameron Martinez,Nurse,FAC002,Oncology,28,LIC000346
PR0347,Quinn Wilson,Nurse Practitioner,FAC006,Neurology,20,LIC000347
PR0348,Avery Miller,Nurse,FAC004,Cardiology,7,LIC000348
PR0349,Quinn Garcia,Physician,FAC006,Pediatrics,14,LIC000349
PR0350,Quinn Jones,Nurse Practitioner,FAC003,Pediatrics,9,LIC000350
PR0351,Avery Wilson,Physician Assistant,FAC006,Psychiatry,19,LIC000351
PR0352,Quinn Brown,Nurse,FAC002,Psychiatry,14,LIC000352
PR0353,Drew Garcia,Nurse Practitioner,FAC002,Psychiatry,38,LIC000353
PR0354,Drew Anderson,Physician Assistant,FAC009,Endocrinology,36,LIC000354
PR0355,Jordan Anderson,Nurse,FAC007,Emergency Medicine,17,LIC000355
PR0356,Quinn Jones,Physician Assistant,FAC003,Oncology,30,LIC000356
PR0357,Cameron Brown,Physician,FAC001,Endocrinology,9,LIC000357
PR0358,Sam Miller,Physician,FAC008,Orthopedics,33,LIC000358
PR0359,Alex Rodriguez,Nurse,FAC006,Pediatrics,25,LIC000359
PR0360,Alex Jones,Physician,FAC007,General Practice,14,LIC000360
PR0361,Casey Anderson,Nurse,FAC009,Primary Care,11,LIC000361
PR0362,Taylor Miller,Physician Assistant,FAC005,Radiology,35,LIC000362
PR0363,Jordan Williams,Therapist,FAC001,Oncology,14,LIC000363
PR0364,Riley Rodriguez,Nurse,FAC010,Dermatology,30,LIC000364
PR0365,Jordan Wilson,Therapist,FAC007,Orthopedics,4,LIC000365
PR0366,Avery Johnson,Nurse Practitioner,FAC005,General Practice,4,LIC000366
PR0367,Sam Jones,Nurse,FAC003,Oncology,28,LIC000367
PR0368,Jamie Garcia,Nurse Practitioner,FAC009,Primary Care,8,LIC000368
PR0369,Alex Miller,Nurse Practitioner,FAC001,Endocrinology,2,LIC000369
PR0370,Alex Johnson,Physician Assistant,FAC001,Cardiology,22,LIC000370
PR0371,Alex Martinez,Nurse,FAC001,Radiology,16,LIC000371
PR0372,Riley Wilson,Therapist,FAC003,Oncology,29,LIC000372
PR0373,Cameron Miller,Nurse,FAC006,Emergency Medicine,30,LIC000373
PR0374,Sam Martinez,Nurse Practitioner,FAC010,Psychiatry,12,LIC000374
PR0375,Alex Smith,Nurse Practitioner,FAC003,Psychiatry,35,LIC000375
PR0376,Jordan Rodriguez,Nurse,FAC008,Radiology,11,LIC000376
PR0377,Taylor Smith,Physician,FAC010,Primary Care,21,LIC000377
PR0378,Riley Davis,Physician,FAC002,General Practice,21,LIC000378
PR0379,Morgan Anderson,Nurse Practitioner,FAC009,Endocrinology,5,LIC000379
PR0380,Alex Jones,Physician,FAC003,Psychiatry,20,LIC000380
PR0381,Riley Miller,Physician,FAC005,Oncology,37,LIC000381
PR0382,Taylor Jones,Physician,FAC010,Dermatology,3,LIC000382
PR0383,Jamie Jones,Physician,FAC008,Pediatrics,33,LIC000383
PR0384,Riley Jones,Physician,FAC002,Pediatrics,9,LIC000384
PR0385,Drew Wilson,Therapist,FAC006,Orthopedics,9,LIC000385
PR0386,Taylor Smith,Nurse Practitioner,FAC005,General Practice,4,LIC000386
PR0387,Riley Rodriguez,Nurse Practitioner,FAC010,Neurology,35,LIC000387
PR0388,Alex Williams,Nurse,FAC009,Cardiology,17,LIC000388
PR0389,Casey Smith,Physician,FAC005,Radiology,34,LIC000389
PR0390,Alex Garcia,Therapist,FAC002,Orthopedics,24,LIC000390
PR0391,Jordan Anderson,Nurse,FAC005,Neurology,32,LIC000391
PR0392,Avery Davis,Physician,FAC004,Endocrinology,1,LIC000392
PR0393,Drew Wilson,Nurse Practitioner,FAC007,Emergency Medicine,8,LIC000393
PR0394,Jordan Miller,Nurse,FAC006,Emergency Medicine,23,LIC000394
PR0395,Morgan Williams,Therapist,FAC002,Cardiology,12,LIC000395
PR0396,Sam Johnson,Nurse Practitioner,FAC005,General Practice,12,LIC000396
PR0397,Quinn Smith,Physician Assistant,FAC007,Psychiatry,15,LIC000397
PR0398,Morgan Anderson,Physician,FAC007,Oncology,19,LIC000398
PR0399,Riley Martinez,Therapist,FAC005,Orthopedics,26,LIC000399
PR0400,Cameron Smith,Physician,FAC009,Orthopedics,29,LIC000400
PR0401,Jamie Jones,Therapist,FAC004,Radiology,22,LIC000401
PR0402,Riley Johnson,Physician Assistant,FAC003,Radiology,21,LIC000402
PR0403,Sam Williams,Physician Assistant,FAC004,Emergency Medicine,38,LIC000403
PR0404,Jamie Miller,Physician Assistant,FAC005,Emergency Medicine,20,LIC000404
PR0405,Quinn Johnson,Physician,FAC006,General Practice,29,LIC000405
PR0406,Morgan Johnson,Physician,FAC003,Primary Care,4,LIC000406
PR0407,Jordan Johnson,Physician,FAC002,Dermatology,7,LIC000407
PR0408,Sam Williams,Physician,FAC004,Dermatology,28,LIC000408
PR0409,Jordan Brown,Nurse,FAC005,Primary Care,28,LIC000409
PR0410,Cameron Miller,Nurse Practitioner,FAC004,Psychiatry,4,LIC000410
PR0411,Alex Garcia,Physician,FAC003,Dermatology,22,LIC000411
PR0412,Quinn Davis,Therapist,FAC008,General Practice,12,LIC000412
PR0413,Drew Williams,Nurse,FAC010,Oncology,3,LIC000413
PR0414,Alex Jones,Therapist,FAC004,Oncology,22,LIC000414
PR0415,Casey Wilson,Therapist,FAC002,Orthopedics,2,LIC000415
PR0416,Avery Smith,Physician,FAC002,Pediatrics,24,LIC000416
PR0417,Drew Smith,Nurse Practitioner,FAC001,Primary Care,34,LIC000417
PR0418,Quinn Brown,Nurse,FAC004,Oncology,27,LIC000418
PR0419,Avery Jones,Nurse,FAC010,Neurology,1,LIC000419
PR0420,Jordan Miller,Physician,FAC009,Emergency Medicine,8,LIC000420
PR0421,Riley Johnson,Nurse,FAC007,Radiology,23,LIC000421
PR0422,Sam Martinez,Physician,FAC010,General Practice,38,LIC000422
PR0423,Sam Williams,Physician,FAC007,Dermatology,6,LIC000423
PR0424,Cameron Davis,Physician Assistant,FAC007,Primary Care,22,LIC000424
PR0425,Jamie Martinez,Physician Assistant,FAC008,Orthopedics,25,LIC000425
PR0426,Morgan Garcia,Physician Assistant,FAC001,Cardiology,18,LIC000426
PR0427,Casey Garcia,Physician,FAC010,Radiology,17,LIC000427
PR0428,Casey Garcia,Nurse,FAC010,Neurology,12,LIC000428
PR0429,Cameron Williams,Physician,FAC008,Dermatology,6,LIC000429
PR0430,Taylor Martinez,Physician,FAC004,Neurology,26,LIC000430
PR0431,Jordan Wilson,Nurse,FAC004,Emergency Medicine,27,LIC000431
PR0432,Taylor Williams,Therapist,FAC004,Emergency Medicine,8,LIC000432
PR0433,Riley Jones,Nurse,FAC006,General Practice,19,LIC000433
PR0434,Jordan Anderson,Nurse,FAC007,Psychiatry,1,LIC000434
PR0435,Drew Miller,Nurse,FAC006,Orthopedics,29,LIC000435
PR0436,Riley Miller,Physician Assistant,FAC001,Radiology,35,LIC000436
PR0437,Alex Jones,Physician,FAC008,Endocrinology,14,LIC000437
PR0438,Cameron Anderson,Nurse Practitioner,FAC010,Endocrinology,35,LIC000438
PR0439,Drew Johnson,Nurse Practitioner,FAC007,Radiology,20,LIC000439
PR0440,Alex Wilson,Physician,FAC006,Cardiology,13,LIC000440
PR0441,Sam Rodriguez,Nurse,FAC006,General Practice,38,LIC000441
PR0442,Drew Rodriguez,Nurse Practitioner,FAC005,Orthopedics,8,LIC000442
PR0443,Cameron Miller,Physician,FAC006,Neurology,20,LIC000443
PR0444,Avery Martinez,Physician,FAC009,Cardiology,33,LIC000444
PR0445,Alex Wilson,Nurse,FAC010,Pediatrics,26,LIC000445
PR0446,Casey Smith,Physician,FAC009,Radiology,39,LIC000446
PR0447,Avery Smith,Nurse,FAC010,Neurology,21,LIC000447
PR0448,Taylor Brown,Nurse Practitioner,FAC008,Endocrinology,9,LIC000448
PR0449,Avery Miller,Nurse Practitioner,FAC010,Oncology,24,LIC000449
PR0450,Drew Anderson,Physician Assistant,FAC009,Primary Care,37,LIC000450
PR0451,Jamie Garcia,Nurse,FAC010,Psychiatry,17,LIC000451
PR0452,Jordan Wilson,Nurse Practitioner,FAC008,Endocrinology,24,LIC000452
PR0453,Sam Garcia,Nurse,FAC008,Orthopedics,21,LIC000453
PR0454,Taylor Davis,Physician Assistant,FAC001,Emergency Medicine,39,LIC000454
PR0455,Taylor Davis,Physician,FAC010,Primary Care,39,LIC000455
PR0456,Sam Anderson,Nurse,FAC005,Primary Care,13,LIC000456
PR0457,Jordan Wilson,Nurse,FAC004,Oncology,11,LIC000457
PR0458,Morgan Williams,Nurse,FAC002,Psychiatry,19,LIC000458
PR0459,Taylor Rodriguez,Nurse,FAC008,Psychiatry,11,LIC000459
PR0460,Jamie Jones,Nurse,FAC003,Pediatrics,13,LIC000460
PR0461,Quinn Wilson,Nurse,FAC004,Pediatrics,1,LIC000461
PR0462,Jamie Rodriguez,Nurse,FAC007,Dermatology,19,LIC000462
PR0463,Alex Davis,Nurse,FAC010,Endocrinology,12,LIC000463
PR0464,Morgan Wilson,Nurse,FAC009,Endocrinology,8,LIC000464
PR0465,Quinn Rodriguez,Physician Assistant,FAC002,Endocrinology,8,LIC000465
PR0466,Alex Brown,Nurse,FAC003,Dermatology,12,LIC000466
PR0467,Cameron Brown,Physician,FAC004,General Practice,33,LIC000467
PR0468,Drew Williams,Nurse,FAC010,Cardiology,26,LIC000468
PR0469,Cameron Johnson,Nurse,FAC001,Psychiatry,39,LIC000469
PR0470,Casey Miller,Physician,FAC007,Oncology,28,LIC000470
PR0471,Jordan Garcia,Nurse,FAC002,Orthopedics,5,LIC000471
PR0472,Avery Smith,Physician,FAC005,Psychiatry,8,LIC000472
PR0473,Quinn Williams,Nurse Practitioner,FAC001,Pediatrics,25,LIC000473
PR0474,Drew Rodriguez,Nurse,FAC003,Primary Care,27,LIC000474
PR0475,Riley Miller,Physician,FAC002,Neurology,23,LIC000475
PR0476,Casey Wilson,Nurse,FAC001,Emergency Medicine,30,LIC000476
PR0477,Jordan Martinez,Nurse,FAC007,Dermatology,23,LIC000477
PR0478,Avery Martinez,Physician Assistant,FAC005,Radiology,20,LIC000478
PR0479,Morgan Jones,Physician,FAC001,Neurology,18,LIC000479
PR0480,Cameron Smith,Physician,FAC006,Orthopedics,18,LIC000480
PR0481,Riley Miller,Physician Assistant,FAC005,Endocrinology,2,LIC000481
PR0482,Riley Miller,Therapist,FAC003,Pediatrics,4,LIC000482
PR0483,Morgan Davis,Physician Assistant,FAC007,Pediatrics,30,LIC000483
PR0484,Casey Martinez,Physician,FAC010,Pediatrics,33,LIC000484
PR0485,Avery Davis,Physician Assistant,FAC009,Endocrinology,36,LIC000485
PR0486,Cameron Davis,Physician Assistant,FAC009,Radiology,18,LIC000486
PR0487,Taylor Williams,Nurse,FAC009,Dermatology,37,LIC000487
PR0488,Avery Jones,Physician,FAC002,Neurology,19,LIC000488
PR0489,Casey Garcia,Nurse,FAC003,Endocrinology,28,LIC000489
PR0490,Morgan Johnson,Physician Assistant,FAC007,Orthopedics,20,LIC000490
PR0491,Casey Anderson,Therapist,FAC005,Dermatology,33,LIC000491
PR0492,Sam Brown,Nurse Practitioner,FAC002,Orthopedics,12,LIC000492
PR0493,Morgan Miller,Physician Assistant,FAC003,Dermatology,15,LIC000493
PR0494,Alex Garcia,Therapist,FAC010,Radiology,39,LIC000494
PR0495,Morgan Williams,Physician,FAC006,Emergency Medicine,2,LIC000495
PR0496,Cameron Johnson,Therapist,FAC007,Orthopedics,29,LIC000496
PR0497,Sam Garcia,Nurse,FAC009,Endocrinology,10,LIC000497
PR0498,Drew Williams,Physician,FAC001,Dermatology,2,LIC000498
PR0499,Quinn Jones,Nurse Practitioner,FAC007,Pediatrics,11,LIC000499
PR0500,Morgan Wilson,Nurse,FAC008,General Practice,13,LIC000500
